studentId,name,studentEmail,studentPhone,parentName,parentPhone,parentEmail
S001,Suresh Nair,suresh.nair@student.example.com,+91 90000 10001,Mrs. Kavita Nair,+91 90000 20001,kavita.nair@example.com
S002,Nidhi Pillai,nidhi.pillai@student.example.com,+91 90000 10002,Mrs. Kavita Pillai,+91 90000 20002,kavita.pillai@example.com
S003,Ruchi Agarwal,ruchi.agarwal@student.example.com,+91 90000 10003,Mr. Prakash Agarwal,+91 90000 20003,prakash.agarwal@example.com
S004,Karan Agarwal,karan.agarwal@student.example.com,+91 90000 10004,Mrs. Latha Agarwal,+91 90000 20004,latha.agarwal@example.com
S005,Rohan Chauhan,rohan.chauhan@student.example.com,+91 90000 10005,Mr. Sanjay Chauhan,+91 90000 20005,sanjay.chauhan@example.com
S006,Meera Kulkarni,meera.kulkarni@student.example.com,+91 90000 10006,Mr. Rakesh Kulkarni,+91 90000 20006,rakesh.kulkarni@example.com
S007,Dev More,dev.more@student.example.com,+91 90000 10007,Mrs. Kavita More,+91 90000 20007,kavita.more@example.com
S008,Abhishek Shinde,abhishek.shinde@student.example.com,+91 90000 10008,Mr. Prakash Shinde,+91 90000 20008,prakash.shinde@example.com
S009,Chirag Verma,chirag.verma@student.example.com,+91 90000 10009,Mr. Vijay Verma,+91 90000 20009,vijay.verma@example.com
S010,Ajay More,ajay.more@student.example.com,+91 90000 10010,Mrs. Geeta More,+91 90000 20010,geeta.more@example.com
S011,Deepak Sharma,deepak.sharma@student.example.com,+91 90000 10011,Mrs. Geeta Sharma,+91 90000 20011,geeta.sharma@example.com
S012,Sneha Joshi,sneha.joshi@student.example.com,+91 90000 10012,Mr. Rakesh Joshi,+91 90000 20012,rakesh.joshi@example.com
S013,Tejas Deshmukh,tejas.deshmukh@student.example.com,+91 90000 10013,Mrs. Savita Deshmukh,+91 90000 20013,savita.deshmukh@example.com
S014,Sakshi Pillai,sakshi.pillai@student.example.com,+91 90000 10014,Mrs. Geeta Pillai,+91 90000 20014,geeta.pillai@example.com
S015,Manoj Jadhav,manoj.jadhav@student.example.com,+91 90000 10015,Mrs. Meena Jadhav,+91 90000 20015,meena.jadhav@example.com
S016,Ruchi Chopra,ruchi.chopra@student.example.com,+91 90000 10016,Mr. Ramesh Chopra,+91 90000 20016,ramesh.chopra@example.com
S017,Ananya Kumar,ananya.kumar@student.example.com,+91 90000 10017,Mrs. Sunita Kumar,+91 90000 20017,sunita.kumar@example.com
S018,Varun Jadhav,varun.jadhav@student.example.com,+91 90000 10018,Mrs. Rekha Jadhav,+91 90000 20018,rekha.jadhav@example.com
S019,Priya Naik,priya.naik@student.example.com,+91 90000 10019,Mrs. Savita Naik,+91 90000 20019,savita.naik@example.com
S020,Komal Shah,komal.shah@student.example.com,+91 90000 10020,Mr. Dinesh Shah,+91 90000 20020,dinesh.shah@example.com
S021,Sanjay Malhotra,sanjay.malhotra@student.example.com,+91 90000 10021,Mr. Prakash Malhotra,+91 90000 20021,prakash.malhotra@example.com
S022,Radhika Chauhan,radhika.chauhan@student.example.com,+91 90000 10022,Mrs. Anita Chauhan,+91 90000 20022,anita.chauhan@example.com
S023,Komal Yadav,komal.yadav@student.example.com,+91 90000 10023,Mr. Sunil Yadav,+91 90000 20023,sunil.yadav@example.com
S024,Komal Gupta,komal.gupta@student.example.com,+91 90000 10024,Mr. Ashok Gupta,+91 90000 20024,ashok.gupta@example.com
S025,Sneha Deshmukh,sneha.deshmukh@student.example.com,+91 90000 10025,Mr. Sanjay Deshmukh,+91 90000 20025,sanjay.deshmukh@example.com
S026,Aditya Pillai,aditya.pillai@student.example.com,+91 90000 10026,Mr. Mahesh Pillai,+91 90000 20026,mahesh.pillai@example.com
S027,Yash Bhosale,yash.bhosale@student.example.com,+91 90000 10027,Mrs. Usha Bhosale,+91 90000 20027,usha.bhosale@example.com
S028,Kavya Deshmukh,kavya.deshmukh@student.example.com,+91 90000 10028,Mrs. Meena Deshmukh,+91 90000 20028,meena.deshmukh@example.com
S029,Reyansh Bansal,reyansh.bansal@student.example.com,+91 90000 10029,Mrs. Geeta Bansal,+91 90000 20029,geeta.bansal@example.com
S030,Reyansh Kumar,reyansh.kumar@student.example.com,+91 90000 10030,Mrs. Geeta Kumar,+91 90000 20030,geeta.kumar@example.com
S031,Siddharth Joshi,siddharth.joshi@student.example.com,+91 90000 10031,Mrs. Meena Joshi,+91 90000 20031,meena.joshi@example.com
S032,Meera Kapoor,meera.kapoor@student.example.com,+91 90000 10032,Mr. Ashok Kapoor,+91 90000 20032,ashok.kapoor@example.com
S033,Nitin Chauhan,nitin.chauhan@student.example.com,+91 90000 10033,Mr. Dinesh Chauhan,+91 90000 20033,dinesh.chauhan@example.com
S034,Ishaan Jadhav,ishaan.jadhav@student.example.com,+91 90000 10034,Mr. Ashok Jadhav,+91 90000 20034,ashok.jadhav@example.com
S035,Pallavi Kapoor,pallavi.kapoor@student.example.com,+91 90000 10035,Mr. Prakash Kapoor,+91 90000 20035,prakash.kapoor@example.com
S036,Rohan Malhotra,rohan.malhotra@student.example.com,+91 90000 10036,Mr. Rakesh Malhotra,+91 90000 20036,rakesh.malhotra@example.com
S037,Ravi Rao,ravi.rao@student.example.com,+91 90000 10037,Mrs. Kavita Rao,+91 90000 20037,kavita.rao@example.com
S038,Siddharth Kapoor,siddharth.kapoor@student.example.com,+91 90000 10038,Mrs. Latha Kapoor,+91 90000 20038,latha.kapoor@example.com
S039,Nikhil Naik,nikhil.naik@student.example.com,+91 90000 10039,Mr. Rakesh Naik,+91 90000 20039,rakesh.naik@example.com
S040,Chirag Agarwal,chirag.agarwal@student.example.com,+91 90000 10040,Mr. Prakash Agarwal,+91 90000 20040,prakash.agarwal@example.com
S041,Pratik Verma,pratik.verma@student.example.com,+91 90000 10041,Mr. Mahesh Verma,+91 90000 20041,mahesh.verma@example.com
S042,Arjun Chopra,arjun.chopra@student.example.com,+91 90000 10042,Mr. Rakesh Chopra,+91 90000 20042,rakesh.chopra@example.com
S043,Radhika Verma,radhika.verma@student.example.com,+91 90000 10043,Mr. Ashok Verma,+91 90000 20043,ashok.verma@example.com
S044,Siddharth Deshmukh,siddharth.deshmukh@student.example.com,+91 90000 10044,Mrs. Pooja Deshmukh,+91 90000 20044,pooja.deshmukh@example.com
S045,Meera Chopra,meera.chopra@student.example.com,+91 90000 10045,Mr. Mahesh Chopra,+91 90000 20045,mahesh.chopra@example.com
S046,Sanjay Kulkarni,sanjay.kulkarni@student.example.com,+91 90000 10046,Mr. Anil Kulkarni,+91 90000 20046,anil.kulkarni@example.com
S047,Arjun Gupta,arjun.gupta@student.example.com,+91 90000 10047,Mr. Ashok Gupta,+91 90000 20047,ashok.gupta@example.com
S048,Pratik Sharma,pratik.sharma@student.example.com,+91 90000 10048,Mrs. Savita Sharma,+91 90000 20048,savita.sharma@example.com
S049,Gaurav Agarwal,gaurav.agarwal@student.example.com,+91 90000 10049,Mrs. Geeta Agarwal,+91 90000 20049,geeta.agarwal@example.com
S050,Deepak Kale,deepak.kale@student.example.com,+91 90000 10050,Mrs. Rekha Kale,+91 90000 20050,rekha.kale@example.com
