studentId,name,counselingDate,Q1_Why did you take admission in this course?,Q1_Score,Q2_How motivated are you to continue this course?,Q2_Score,Q3_How connected and comfortable do you feel in your class and college?,Q3_Score,Q4_How clear are you about what you want to do after this course?,Q4_Score,Q5_How stressed do you feel about your studies and personal matters?,Q5_Score,studentSaid,mentorNotes,otherText,counselingRiskScore,counselingLevel,scoreMultiplier,floorApplies,floorMinScore
S001,Suresh Nair,2026-09-16,Forced or pressured admission,60,Slightly motivated,10,Slightly connected,10,Slightly clear,10,Quite stressed,10,I joined because my family decided. I am not sure I belong in engineering.,Student shows low ownership of course choice. Discuss branch interest and career goals.,,100,High,1.5,yes,60
S002,Nidhi Pillai,2026-09-18,Academic difficulty,24,Moderately motivated,0,Quite connected,0,Somewhat clear,0,Quite stressed,10,"I cannot follow the lectures, especially DS and DBMS.",Struggling with lectures. Arrange tutoring in weakest subject.,,34,Medium,1.17,no,0
S003,Ruchi Agarwal,2026-09-19,Adjustment problems,24,Quite motivated,0,Moderately connected,0,Quite clear,0,Quite stressed,10,I miss home and find the hostel difficult.,Settling-in difficulty. Connect with a senior buddy and hostel warden.,,34,Medium,1.17,no,0
S004,Karan Agarwal,2026-09-20,Peer or social issues,24,Quite motivated,0,Slightly connected,10,Slightly clear,10,Quite stressed,10,I feel isolated and have no close friends in class.,Low belonging. Encourage clubs and group projects; monitor class participation.,,54,Medium,1.27,no,0
S005,Rohan Chauhan,2026-09-18,Financial stress,42,Moderately motivated,0,Moderately connected,0,Somewhat clear,0,Extremely stressed,10,My family is struggling to pay the fees on time.,Fee pressure and part-time work. Check scholarship and fee-instalment options.,,52,Medium,1.26,no,0
S006,Meera Kulkarni,2026-09-18,Peer or social issues,24,Moderately motivated,0,Slightly connected,10,Somewhat clear,0,Quite stressed,10,I find it hard to make friends here.,Low belonging. Encourage clubs and group projects; monitor class participation.,,44,Medium,1.22,no,0
S007,Dev More,2026-09-16,Financial stress,42,Moderately motivated,0,Quite connected,0,Somewhat clear,0,Quite stressed,10,Fees are a burden and I do a part-time job on weekends.,Fee pressure and part-time work. Check scholarship and fee-instalment options.,,52,Medium,1.26,no,0
S008,Abhishek Shinde,2026-09-18,Adjustment problems,24,Slightly motivated,10,Slightly connected,10,Somewhat clear,0,Quite stressed,10,The language of instruction is hard for me and I feel lost.,Settling-in difficulty. Connect with a senior buddy and hostel warden.,,54,Medium,1.27,no,0
S009,Chirag Verma,2026-09-20,Other,12,Quite motivated,0,Moderately connected,0,Quite clear,0,Slightly stressed,0,I am fine overall and want more project and internship exposure.,No major concern. Routine monitoring.,No specific concern; wants career guidance,12,Low,1.06,no,0
S010,Ajay More,2026-09-16,Family problems,42,Moderately motivated,0,Moderately connected,0,Quite clear,0,Extremely stressed,10,Things at home are tense right now and it affects my studies.,Home situation affects focus. Offer a private check-in and welfare cell info.,,52,Medium,1.26,no,0
S011,Deepak Sharma,2026-09-18,Academic difficulty,24,Quite motivated,0,Slightly connected,10,Somewhat clear,0,Quite stressed,10,The pace is too fast for me and I fall behind.,Struggling with lectures. Arrange tutoring in weakest subject.,,44,Medium,1.22,no,0
S012,Sneha Joshi,2026-09-17,Other,12,Very motivated,0,Very connected,0,Quite clear,0,Slightly stressed,0,No major problem right now.,No major concern. Routine monitoring.,Wants more project exposure,12,Low,1.06,no,0
S013,Tejas Deshmukh,2026-09-16,Financial stress,42,Quite motivated,0,Quite connected,0,Somewhat clear,0,Moderately stressed,0,My family is struggling to pay the fees on time.,Fee pressure and part-time work. Check scholarship and fee-instalment options.,,42,Medium,1.21,no,0
S014,Sakshi Pillai,2026-09-14,Adjustment problems,24,Moderately motivated,0,Not connected at all,10,Quite clear,0,Moderately stressed,0,I miss home and find the hostel difficult.,Settling-in difficulty. Connect with a senior buddy and hostel warden.,,34,Medium,1.17,no,0
S015,Manoj Jadhav,2026-09-20,Family problems,42,Slightly motivated,10,Moderately connected,0,Quite clear,0,Moderately stressed,0,There are problems at home and it is hard to focus.,Home situation affects focus. Offer a private check-in and welfare cell info.,,52,Medium,1.26,no,0
S016,Ruchi Chopra,2026-09-19,Financial stress,42,Slightly motivated,10,Moderately connected,0,Quite clear,0,Extremely stressed,10,"I work part-time to pay fees, so I miss some lectures.",Fee pressure and part-time work. Check scholarship and fee-instalment options.,,62,High,1.31,no,0
S017,Ananya Kumar,2026-09-20,Academic difficulty,24,Moderately motivated,0,Slightly connected,10,Somewhat clear,0,Quite stressed,10,The pace is too fast for me and I fall behind.,Struggling with lectures. Arrange tutoring in weakest subject.,,44,Medium,1.22,no,0
S018,Varun Jadhav,2026-09-15,Health or mental well-being,42,Moderately motivated,0,Quite connected,0,Somewhat clear,0,Quite stressed,10,I am very tired and stressed most days.,Signs of stress or burnout. Suggest counselling and a lighter schedule.,,52,Medium,1.26,no,0
S019,Priya Naik,2026-09-15,Not interested in the course or branch,54,Moderately motivated,0,Moderately connected,0,Not clear at all,10,Quite stressed,10,"I wanted to study design, not computer engineering.","Interest mismatch with branch. Explore electives, projects and branch-change policy.",,74,High,1.37,yes,52
S020,Komal Shah,2026-09-15,Health or mental well-being,42,Slightly motivated,10,Moderately connected,0,Quite clear,0,Quite stressed,10,I have been unwell and could not attend regularly.,Signs of stress or burnout. Suggest counselling and a lighter schedule.,,62,High,1.31,no,0
S021,Sanjay Malhotra,2026-09-14,Forced or pressured admission,60,Slightly motivated,10,Slightly connected,10,Somewhat clear,0,Quite stressed,10,My parents chose this course for me; I did not pick it.,Student shows low ownership of course choice. Discuss branch interest and career goals.,,90,High,1.45,yes,57
S022,Radhika Chauhan,2026-09-20,Financial stress,42,Moderately motivated,0,Slightly connected,10,Quite clear,0,Quite stressed,10,Fees are a burden and I do a part-time job on weekends.,Fee pressure and part-time work. Check scholarship and fee-instalment options.,,62,High,1.31,no,0
S023,Komal Yadav,2026-09-14,Forced or pressured admission,60,Not at all motivated,10,Slightly connected,10,Somewhat clear,0,Quite stressed,10,I joined because my family decided. I am not sure I belong in engineering.,Student shows low ownership of course choice. Discuss branch interest and career goals.,,90,High,1.45,yes,57
S024,Komal Gupta,2026-09-18,Not interested in the course or branch,54,Moderately motivated,0,Moderately connected,0,Slightly clear,10,Moderately stressed,0,I wanted a different branch but did not get it.,"Interest mismatch with branch. Explore electives, projects and branch-change policy.",,64,High,1.32,no,0
S025,Sneha Deshmukh,2026-09-17,Forced or pressured admission,60,Not at all motivated,10,Slightly connected,10,Slightly clear,10,Extremely stressed,10,"This college was my father's choice, not mine.",Student shows low ownership of course choice. Discuss branch interest and career goals.,,100,High,1.5,yes,60
S026,Aditya Pillai,2026-09-17,Peer or social issues,24,Moderately motivated,0,Slightly connected,10,Quite clear,0,Moderately stressed,0,I feel isolated and have no close friends in class.,Low belonging. Encourage clubs and group projects; monitor class participation.,,34,Medium,1.17,no,0
S027,Yash Bhosale,2026-09-20,Financial stress,42,Slightly motivated,10,Quite connected,0,Slightly clear,10,Quite stressed,10,Fees are a burden and I do a part-time job on weekends.,Fee pressure and part-time work. Check scholarship and fee-instalment options.,,72,High,1.36,no,0
S028,Kavya Deshmukh,2026-09-14,Academic difficulty,24,Moderately motivated,0,Quite connected,0,Slightly clear,10,Quite stressed,10,"I cannot follow the lectures, especially DS and DBMS.",Struggling with lectures. Arrange tutoring in weakest subject.,,44,Medium,1.22,no,0
S029,Reyansh Bansal,2026-09-15,Academic difficulty,24,Moderately motivated,0,Moderately connected,0,Quite clear,0,Extremely stressed,10,"I cannot follow the lectures, especially DS and DBMS.",Struggling with lectures. Arrange tutoring in weakest subject.,,34,Medium,1.17,no,0
S030,Reyansh Kumar,2026-09-20,Adjustment problems,24,Quite motivated,0,Not connected at all,10,Somewhat clear,0,Quite stressed,10,I miss home and find the hostel difficult.,Settling-in difficulty. Connect with a senior buddy and hostel warden.,,44,Medium,1.22,no,0
S031,Siddharth Joshi,2026-09-20,Other,12,Quite motivated,0,Moderately connected,0,Somewhat clear,0,Slightly stressed,0,I am fine overall and want more project and internship exposure.,No major concern. Routine monitoring.,Interested in internships,12,Low,1.06,no,0
S032,Meera Kapoor,2026-09-18,Not interested in the course or branch,54,Not at all motivated,10,Slightly connected,10,Slightly clear,10,Moderately stressed,0,"I wanted to study design, not computer engineering.","Interest mismatch with branch. Explore electives, projects and branch-change policy.",,84,High,1.42,yes,55
S033,Nitin Chauhan,2026-09-14,Other,12,Very motivated,0,Very connected,0,Quite clear,0,Slightly stressed,0,I am fine overall and want more project and internship exposure.,No major concern. Routine monitoring.,Unsure about specialisation,12,Low,1.06,no,0
S034,Ishaan Jadhav,2026-09-19,Not interested in the course or branch,54,Slightly motivated,10,Slightly connected,10,Slightly clear,10,Quite stressed,10,I wanted a different branch but did not get it.,"Interest mismatch with branch. Explore electives, projects and branch-change policy.",,94,High,1.47,yes,58
S035,Pallavi Kapoor,2026-09-18,Family problems,42,Quite motivated,0,Moderately connected,0,Slightly clear,10,Quite stressed,10,"I have to help at home a lot, so I get little study time.",Home situation affects focus. Offer a private check-in and welfare cell info.,,62,High,1.31,no,0
S036,Rohan Malhotra,2026-09-19,Family problems,42,Slightly motivated,10,Moderately connected,0,Somewhat clear,0,Extremely stressed,10,There are problems at home and it is hard to focus.,Home situation affects focus. Offer a private check-in and welfare cell info.,,62,High,1.31,no,0
S037,Ravi Rao,2026-09-20,Health or mental well-being,42,Moderately motivated,0,Moderately connected,0,Somewhat clear,0,Moderately stressed,0,I have been unwell and could not attend regularly.,Signs of stress or burnout. Suggest counselling and a lighter schedule.,,42,Medium,1.21,no,0
S038,Siddharth Kapoor,2026-09-16,Forced or pressured admission,60,Not at all motivated,10,Slightly connected,10,Not clear at all,10,Moderately stressed,0,"This college was my father's choice, not mine.",Student shows low ownership of course choice. Discuss branch interest and career goals.,,90,High,1.45,yes,57
S039,Nikhil Naik,2026-09-18,Academic difficulty,24,Quite motivated,0,Moderately connected,0,Slightly clear,10,Moderately stressed,0,"I cannot follow the lectures, especially DS and DBMS.",Struggling with lectures. Arrange tutoring in weakest subject.,,34,Medium,1.17,no,0
S040,Chirag Agarwal,2026-09-17,Academic difficulty,24,Moderately motivated,0,Moderately connected,0,Slightly clear,10,Moderately stressed,0,The pace is too fast for me and I fall behind.,Struggling with lectures. Arrange tutoring in weakest subject.,,34,Medium,1.17,no,0
S041,Pratik Verma,2026-09-14,Academic difficulty,24,Moderately motivated,0,Slightly connected,10,Slightly clear,10,Moderately stressed,0,"I cannot follow the lectures, especially DS and DBMS.",Struggling with lectures. Arrange tutoring in weakest subject.,,44,Medium,1.22,no,0
S042,Arjun Chopra,2026-09-20,Health or mental well-being,42,Moderately motivated,0,Moderately connected,0,Quite clear,0,Quite stressed,10,I have been unwell and could not attend regularly.,Signs of stress or burnout. Suggest counselling and a lighter schedule.,,52,Medium,1.26,no,0
S043,Radhika Verma,2026-09-16,Other,12,Quite motivated,0,Quite connected,0,Quite clear,0,Moderately stressed,0,"Nothing specific, just want guidance on career choices.",No major concern. Routine monitoring.,Wants to join a technical club,12,Low,1.06,no,0
S044,Siddharth Deshmukh,2026-09-19,Other,12,Quite motivated,0,Quite connected,0,Very clear,0,Moderately stressed,0,I am fine overall and want more project and internship exposure.,No major concern. Routine monitoring.,Prefers hands-on labs,12,Low,1.06,no,0
S045,Meera Chopra,2026-09-20,Adjustment problems,24,Quite motivated,0,Slightly connected,10,Quite clear,0,Moderately stressed,0,The language of instruction is hard for me and I feel lost.,Settling-in difficulty. Connect with a senior buddy and hostel warden.,,34,Medium,1.17,no,0
S046,Sanjay Kulkarni,2026-09-16,Not interested in the course or branch,54,Not at all motivated,10,Moderately connected,0,Somewhat clear,0,Moderately stressed,0,I am not interested in this branch and find the subjects boring.,"Interest mismatch with branch. Explore electives, projects and branch-change policy.",,64,High,1.32,no,0
S047,Arjun Gupta,2026-09-17,Not interested in the course or branch,54,Slightly motivated,10,Moderately connected,0,Somewhat clear,0,Moderately stressed,0,I am not interested in this branch and find the subjects boring.,"Interest mismatch with branch. Explore electives, projects and branch-change policy.",,64,High,1.32,no,0
S048,Pratik Sharma,2026-09-14,Forced or pressured admission,60,Slightly motivated,10,Not connected at all,10,Somewhat clear,0,Moderately stressed,0,"This college was my father's choice, not mine.",Student shows low ownership of course choice. Discuss branch interest and career goals.,,80,High,1.4,yes,54
S049,Gaurav Agarwal,2026-09-18,Peer or social issues,24,Quite motivated,0,Not connected at all,10,Slightly clear,10,Slightly stressed,0,I had a conflict with classmates and now avoid class.,Low belonging. Encourage clubs and group projects; monitor class participation.,,44,Medium,1.22,no,0
S050,Deepak Kale,2026-09-15,Forced or pressured admission,60,Slightly motivated,10,Moderately connected,0,Slightly clear,10,Quite stressed,10,I joined because my family decided. I am not sure I belong in engineering.,Student shows low ownership of course choice. Discuss branch interest and career goals.,,90,High,1.45,yes,57
